anime_id,name,genres,episodes,sypnopsis
40456,Kimetsu no Yaiba Movie: Mugen Ressha-hen,"Action, Historical, Demons, Supernatural, Shounen",1,"Tanjirou Kamado and his friends from the Demon Slayer Corps accompany Kyoujurou Rengoku, the Flame Hashira, to investigate a mysterious series of disappearances occurring inside a train. Little do they know that Enmu, one of the Twelve Kizuki, is also on board and has prepared a trap for them. (Source: Wikipedia)"
32281,Kimi no Na wa.,"Romance, Supernatural, School, Drama",1,"suha Miyamizu, a high school girl, yearns to live the life of a boy in the bustling city of Tokyo—a dream that stands in stark contrast to her present life in the countryside. Meanwhile in the city, Taki Tachibana lives a busy life as a high school student while juggling his part-time job and hopes for a future in architecture. One day, Mitsuha awakens in a room that is not her own and suddenly finds herself living the dream life in Tokyo—but in Taki's body! Elsewhere, Taki finds himself living Mitsuha's life in the humble countryside. In pursuit of an answer to this strange phenomenon, they begin to search for one another. Kimi no Na wa. revolves around Mitsuha and Taki's actions, which begin to have a dramatic impact on each other's lives, weaving them into a fabric held together by fate and circumstance."
7311,Suzumiya Haruhi no Shoushitsu,"Comedy, Mystery, Romance, School, Sci-Fi, Supernatural",1,"One cold Christmas day, Kyon heads over to school and the SOS Brigade's holiday celebration, only to realize that Haruhi Suzumiya seems to have disappeared. Moreover, no one even remembers her or the SOS Brigade; Mikuru Asahina knows nothing and is now afraid of him, and Itsuki Koizumi has also gone missing. The Literature Club, formed only by an uncharacteristically shy Yuki Nagato, now occupies the old SOS club room. Suzumiya Haruhi no Shoushitsu is based on the fourth light novel of the acclaimed Haruhi series and is set after the events of the anime series. Not uncultured in the supernatural, Kyon will have to deal with his whole life turned upside down like a bad joke, and maybe it's better that way."
28851,Koe no Katachi,"Drama, School, Shounen",1,"s a wild youth, elementary school student Shouya Ishida sought to beat boredom in the cruelest ways. When the deaf Shouko Nishimiya transfers into his class, Shouya and the rest of his class thoughtlessly bully her for fun. However, when her mother notifies the school, he is singled out and blamed for everything done to her. With Shouko transferring out of the school, Shouya is left at the mercy of his classmates. He is heartlessly ostracized all throughout elementary and middle school, while teachers turn a blind eye. Now in his third year of high school, Shouya is still plagued by his wrongdoings as a young boy. Sincerely regretting his past actions, he sets out on a journey of redemption: to meet Shouko once more and make amends. Koe no Katachi tells the heartwarming tale of Shouya's reunion with Shouko and his honest attempts to redeem himself, all while being continually haunted by the shadows of his past."
36862,Made in Abyss Movie 3: Fukaki Tamashii no Reimei,"Sci-Fi, Adventure, Mystery, Drama, Fantasy",1,"Continuing their perilous descent down the Abyss, Riko, Regu, and newfound friend Nanachi reach the Abyss' fifth layer, The Sea of Corpses. Upon arriving at the research station known as Idofront, the main trio encounter the mysterious Prushka, the alleged daughter of Bondrewd, who leads them to the White Whistle responsible for Nanachi's dark past. Despite the welcoming appearances of Idofront's residents, Nanachi warns the young adventurers that things are not always what they seem. With the only route to the sixth layer shrouded in mystery and Bonedrewd's schemes awaiting them, what sacrifices must be made in order to continue the journey down to the bottom of the Abyss?"
38040,Kono Subarashii Sekai ni Shukufuku wo!: Kurenai Densetsu,"Adventure, Comedy, Fantasy, Magic, Parody, Supernatural",1,"It is not strange that the Demon Lord's forces fear the Crimson Demons, the clan from which Megumin and Yunyun originate. Even if the Demon Lord's generals attack their village, the Crimson Demons can just easily brush them off with their supreme mastery of advanced and overpowered magic. When Yunyun receives a seemingly serious letter regarding a potential disaster coming to her hometown, she immediately informs Kazuma Satou and the rest of his party. After a series of wacky misunderstandings, it turns out to be a mere prank by her fellow demon who wants to be an author. Even so, Megumin becomes worried about her family and sets out toward the Crimson Demons' village with the gang. There, Kazuma and the others decide to sightsee the wonders of Megumin's birthplace. However, they soon come to realize that the nonsense threat they received might have been more than just a joke."
37987,Violet Evergarden Movie,"Slice of Life, Drama, Fantasy",1,"original sequel to the TV anime which aired in 2018, the movie will follow ""auto memory doll"" Violet, still unable to forget about her former employer Gilbert, who taught her of love. One day, she meets his older brother Dietfried, who tells her that she should forget about Gilbert and move on - but it is impossible for her. Shortly after, Violet receives a call from a young client, while the post office discovers a letter with no address sitting in their warehouse. (Source: otakumode)"
33674,No Game No Life: Zero,"Game, Supernatural, Drama, Romance, Fantasy",1,"In ancient Disboard, Riku is an angry, young warrior intent on saving humanity from the warring Exceed, the sixteen sentient species, fighting to establish the ""One True God"" amongst the Old Deus. In a lawless land, humanity's lack of magic and weak bodies have made them easy targets for the other Exceed, leaving the humans on the brink of extinction. One day, however, hope returns to humanity when Riku finds a powerful female Ex-machina, whom he names Schwi, in an abandoned elf city. Exiled from her Cluster because of her research into human emotions, Schwi is convinced that humanity has only survived due to the power of these feelings and is determined to understand the human heart. Forming an unlikely partnership in the midst of the overwhelming chaos, Riku and Schwi must now find the answers to their individual shortcomings in each other, and discover for themselves what it truly means to be human as they fight for their lives together against all odds. Each with a powerful new ally in tow, it is now up to them to prevent the extinction of the human race and establish peace throughout Disboard!"
451,InuYasha Movie 3: Tenka Hadou no Ken,"Action, Adventure, Comedy, Historical, Demons, Supernatural, Drama, Magic, Romance, Fantasy, Shounen",1,"Izayoi and Inu no Taishou, Inuyasha's parents, are having problems with a human named Setsuna no Takemaru. Sou'unga a magical sword that has been sealed away for 700 years is found. Now everyone is after the sword and its powers but it seems the sword has something else in mind. (Source: ANN)"
39486,Gintama: The Final,"Action, Sci-Fi, Comedy, Historical, Parody, Drama, Samurai, Shounen",1,New Gintama movie.
164,Mononoke Hime,"Action, Adventure, Fantasy",1,"hen an Emishi village is attacked by a fierce demon boar, the young prince Ashitaka puts his life at stake to defend his tribe. With its dying breath, the beast curses the prince's arm, granting him demonic powers while gradually siphoning his life away. Instructed by the village elders to travel westward for a cure, Ashitaka arrives at Tatara, the Iron Town, where he finds himself embroiled in a fierce conflict: Lady Eboshi of Tatara, promoting constant deforestation, stands against Princess San and the sacred spirits of the forest, who are furious at the destruction brought by the humans. As the opposing forces of nature and mankind begin to clash in a desperate struggle for survival, Ashitaka attempts to seek harmony between the two, all the while battling the latent demon inside of him. Princess Mononoke is a tale depicting the connection of technology and nature, while showing the path to harmony that could be achieved by mutual acceptance."
15335,Gintama Movie 2: Kanketsu-hen - Yorozuya yo Eien Nare,"Action, Sci-Fi, Comedy, Historical, Parody, Samurai, Shounen",1,"hen Gintoki apprehends a movie pirate at a premiere, he checks the camera's footage and finds himself transported to a bleak, post-apocalyptic version of Edo, where a mysterious epidemic called the ""White Plague"" has ravished the world's population. It turns out that the movie pirate wasn't a pirate after all—it was an android time machine, and Gintoki has been hurtled five years into the future! Shinpachi and Kagura, his Yorozuya cohorts, have had a falling out and are now battle-hardened solo vigilantes and he himself has been missing for years, disappearing without a trace after scribbling a strange message in his journal. Setting out in the disguise given to him by the android time machine, Gintoki haphazardly reunites the Yorozuya team to investigate the White Plague, and soon discovers that the key to saving the future lies in the darkness of his own past. Determined to confront a powerful foe, he makes an important discovery—with a ragtag band of friends and allies at his side, he doesn't have to fight alone."
450,InuYasha Movie 2: Kagami no Naka no Mugenjo,"Action, Adventure, Comedy, Historical, Demons, Supernatural, Drama, Magic, Romance, Fantasy, Shounen",1,"Inuyasha and company have finally destroyed Naraku. And each start to go in their separate ways. Sango going to find her younger brother Kohaku; Miroku back to his old home; Inuyasha, Kagome and Shippou go to gather the rest of the Shikon shards. Unfortunately this peace is not to last. Shortly afterwards the full moon rises, and just keeps rising each night bringing with it the promise of danger. Kagura and Kanna go in search of a mirror, where locked inside is the ruler of the eternal night, Kaguya. To set her free they must gather five items and drop them into the five lakes of Fuji. Setting her free means the worst danger for Inuyasha and the others. Who are forced to face this new threat. (Source: ANN)"
38826,Tenki no Ko,"Slice of Life, Drama, Romance, Fantasy",1,"Tokyo is currently experiencing rain showers that seem to disrupt the usual pace of everyone living there to no end. Amidst this seemingly eternal downpour arrives the runaway high school student Hodaka Morishima, who struggles to financially support himself—ending up with a job at a small-time publisher. At the same time, the orphaned Hina Amano also strives to find work to sustain herself and her younger brother. Both fates intertwine when Hodaka attempts to rescue Hina from shady men, deciding to run away together. Subsequently, Hodaka discovers that Hina has a strange yet astounding power: the ability to call out the sun whenever she prays for it. With Tokyo's unusual weather in mind, Hodaka sees the potential of this ability. He suggests that Hina should become a ""sunshine girl""—someone who will clear the sky for people when they need it the most. Things begin looking up for them at first. However, it is common knowledge that power always comes with a hefty price..."
452,InuYasha Movie 1: Toki wo Koeru Omoi,"Action, Adventure, Comedy, Historical, Demons, Supernatural, Drama, Magic, Romance, Fantasy, Shounen",1,"Inu-Yasha has mastered the ultimate attack of the Tetsusaiga and continues his battle for the Shikon Jewel shards with Kagome, Shippo, Sango, and Miroku. Unfortunately, a freak occurance with a jewel shard has brought to life an incarnation of a demonic enemy sealed by Inu-Yashas' father. Inu-Yasha must surpass his father and destroy this demon or every soul in Japan will be consumed. (Source: ANN)"
449,InuYasha Movie 4: Guren no Houraijima,"Action, Adventure, Comedy, Historical, Demons, Supernatural, Drama, Magic, Romance, Fantasy, Shounen",1,"The mysterious island of Houraijima has reappeared after 50 years, and with its reappearance has brought the attack of four gods, the Shitoushin, who have their eyes set on the powers that protect and sustain the island. Now it's up to Inuyasha and his friends, along with Sesshoumaru, to find a way to defeat the powerful Shitoushin. (Source: ANN)"
47,Akira,"Action, Military, Sci-Fi, Adventure, Horror, Supernatural, Seinen",1,"Japan, 1988. An explosion caused by a young boy with psychic powers tears through the city of Tokyo and ignites the fuse that leads to World War III. In order to prevent any further destruction, he is captured and taken into custody, never to be heard from again. Now, in the year 2019, a restored version of the city known as Neo-Tokyo—an area rife with gang violence and terrorism against the current government—stands in its place. Here, Shoutarou Kaneda leads ""the Capsules,"" a group of misfits known for riding large, custom motorcycles and being in constant conflict with their rivals ""the Clowns."" During one of these battles, Shoutarou's best friend Tetsuo Shima is caught up in an accident with an esper who finds himself in the streets of Tokyo after escaping confinement from a government institution. Through this encounter, Tetsuo begins to develop his own mysterious abilities, as the government seeks to quarantine this latest psychic in a desperate attempt to prevent him from unleashing the destructive power that could once again bring the city to its knees."
2236,Toki wo Kakeru Shoujo,"Adventure, Drama, Romance, Sci-Fi",1,"akoto Konno is in her last year of high school, but is having a hard time deciding what to do with her future. In between enduring the pressure of her teachers and killing time with her best friends, Makoto's life suddenly changes when she accidentally discovers that she is capable of literally leaping through time. Toki wo Kakeru Shoujo follows Makoto as she plays around with her newfound power. However, she soon learns the hard way that every choice has a consequence, and time is a lot more complicated than it may seem."
38234,One Piece Movie 14: Stampede,"Action, Adventure, Comedy, Drama, Fantasy, Shounen, Super Power",1,"The world's greatest exposition of the pirates, by the pirates, for the pirates—the Pirates Festival. Luffy and the rest of the Straw Hat Crew receive an invitation from its host Buena Festa who is known as the Master of Festivities. They arrive to find a venue packed with glamorous pavilions and many pirates including the ones from the Worst Generation. The place is electric. (Source: ANN)"
33050,Fate/stay night Movie: Heaven's Feel - III. Spring Song,"Action, Supernatural, Magic, Fantasy",1,Final of three movies in an adaption of the third route of Fate/stay night.
