anime_id,name,genres,episodes,sypnopsis
227,FLCL,"Action, Sci-Fi, Comedy, Parody, Dementia, Psychological, Mecha",6,"Naota Nandaba is an ordinary sixth grader living in a city where nothing amazing ever seems to happen. After his brother Tasuku leaves town to play baseball in America, Naota takes it upon himself to look after everything Tasuku left behind—from his top bunk bed to his ex-girlfriend Mamimi Samejima, who hasn't stopped clinging to Naota since Tasuku left. Little does Naota know, however, that his mundane existence is on the verge of being changed forever: enter Haruko Haruhara, a Vespa-riding, bass guitar-wielding, pink-haired psychopath whose first encounter with Naota leaves him with tire tracks on his back and a giant horn on his head. Though all he wants is some peace and quiet, when Haruko takes up residence at his parents' home, Naota finds himself dragged into the heart of the greatest battle for supremacy that Earth—and quite possibly the entire universe—has ever seen."
820,Ginga Eiyuu Densetsu,"Military, Sci-Fi, Space, Drama",110,"The 150-year-long stalemate between the two interstellar superpowers, the Galactic Empire and the Free Planets Alliance, comes to an end when a new generation of leaders arises: the idealistic military genius Reinhard von Lohengramm, and the FPA's reserved historian, Yang Wenli. While Reinhard climbs the ranks of the Empire with the aid of his childhood friend, Siegfried Kircheis, he must fight not only the war, but also the remnants of the crumbling Goldenbaum Dynasty in order to free his sister from the Kaiser and unify humanity under one genuine ruler. Meanwhile, on the other side of the galaxy, Yang—a strong supporter of democratic ideals—has to stand firm in his beliefs, despite the struggles of the FPA, and show his pupil, Julian Mintz, that autocracy is not the solution. As ideologies clash amidst the war's many casualties, the two strategic masterminds must ask themselves what the real reason behind their battle is."
777,Hellsing Ultimate,"Action, Military, Horror, Supernatural, Vampire, Seinen",10,"There exist creatures of darkness and evil that plague the night, devouring any human unfortunate enough to be caught in their grasp. On the other side is Hellsing, an organization dedicated to destroying these supernatural forces that threaten the very existence of humanity. At its head is Integra Fairbrook Wingates Hellsing, who commands a powerful military and spends her life fighting the undead. Integra's vast army, however, pales in comparison with her ultimate weapon: the vampire Alucard, who works against his own kind as an exterminator for Hellsing. With his new vampire servant, Seras Victoria, at his side, Alucard must battle not only monsters, but all those who stand to oppose Hellsing, be they in the guise of good or evil. In a battle for mankind's survival, Hellsing Ultimate proves that appearances are not all they may seem, and sometimes the greatest weapon can come in the form of one's worst nightmare."
44,Rurouni Kenshin: Meiji Kenkaku Romantan - Tsuioku-hen,"Action, Historical, Drama, Romance, Martial Arts, Samurai, Shounen",4,"hen mankind's savagery surpasses his fear of death, there is little hope for those who wish to live honest lives. Beneath a full moon, a young boy witnesses the murder of the bandits who had enslaved him, and is then christened with a new name by the man who rescued him. This boy is Shinta, now known as Kenshin Himura, and he is destined to become a swordsman. The softness of his heart does not befit the occupation, but his desire to protect the innocent is absolute. Rurouni Kenshin: Meiji Kenkaku Romantan - Tsuioku-hen details the origins of the man who would bear the name of Hitokiri Battousai long before he swore his oath not to kill and before he earned his reputation as an assassin. The young man's heart is divided between justice and corruption, while the fate of a nation rests on his actions."
949,Top wo Nerae! Gunbuster,"Action, Comedy, Drama, Mecha, Military, Sci-Fi, Shounen, Space",6,"In the near future, humanity has taken its first steps towards journeying into the far reaches of the galaxy. Upon doing so they discover a huge race of insectoid aliens known as ""Space Monsters."" These aliens seem dedicated to the eradication of mankind as they near closer and closer to discovering Earth. In response, humanity develops giant fighting robots piloted by hand-picked youth from around the world. Shortly after the discovery of the aliens, Noriko Takaya, the daughter of a famous deceased space captain, enters a training school despite her questionable talents as a pilot. There, she meets her polar opposite, the beautiful and talented Kazumi Amano, and is unexpectedly made to work together with her as they attempt to overcome the trauma of war as well as their own emotions."
4938,Tsubasa: Shunraiki,"Action, Adventure, Mystery, Supernatural, Drama, Magic, Romance, Fantasy, Shounen",2,"Tsubasa/xxxHOLiC Project A 4 part OVA released with the limited editions of the Tsubasa and xxxHOLiC volumes. There are two OVAs for each series, with plots linked together. They cover the Nihon Country Arc and scarcely some of the Celes Country Arc. (Source: Official Project Website)"
5781,Isekai no Seikishi Monogatari,"Action, Comedy, Ecchi, Fantasy, Harem, Mecha, School",13,"Kenshi Masaki has been kidnapped and brought to the world of Geminar by a mysterious group. To get back home, he agrees to help them assassinate the newly crowned empress of the Shtrayu Empire, Lashara Aasu XXVIII, using a giant robot called a Sacred Mechanoid. As her army fights them off, Lashara takes note of Kenshi's abilities and demands that her attacker be captured alive, only to find out that the pilot is male which is extremely rare on Geminar. Believing it to be a waste to kill him, she makes Kenshi her attendant. As the empress' new servant, Kenshi is required to accompany Lashara to the Holy Land, an academy where Sacred Mechanoid pilots hone their skills. His arrival attracts attention, but Kenshi is unaware that something sinister is brewing within the academy and it could plunge the entire world into war."
28285,Trinity Seven: Nanatsu no Taizai to Nana Madoushi,"Action, Harem, Comedy, Supernatural, Magic, Romance, Ecchi, Fantasy, School, Shounen",1,ata is set to be expelled! The only way to save himself is to be taught more about the magic archives from the Trinity Seven themselves.
23317,Kuroshitsuji: Book of Murder,"Action, Mystery, Comedy, Historical, Demons, Supernatural, Shounen",2,"he behest of the Queen, Earl Ciel Phantomhive hosts a lavish dinner party attended by several of the finest members of polite society—as well as struggling author, Arthur. But as the party reaches its high, a terrible murder takes place and none other than the Earl himself is suspected of the crime. As a violent storm rages on outside, the death count continues to climb. The Phantomhive household and their eminent guests find they must cooperate in order to solve this mystery before they too fall prey to the mysterious murderer. However, it seems that not even the perfect butler, Sebastian Michaelis, is safe from this horror."
2685,Tsubasa: Tokyo Revelations,"Action, Adventure, Drama, Romance, Fantasy, Shounen",3,"Continuing their journey from Record Country (the place that held the book of memories), Syaoran and company land into Tokyo Country, a blood-filled country under war from opposing factions for natural resources and survival. While reluctantly involved in the race to live, the group faces their own problems as certain revelations are made, changing their journey forever. A shocking betrayal and a battle that risks all of their lives. After this revelation, they will never be the same again."
8740,One Piece Film: Strong World Episode 0,"Action, Adventure, Comedy, Fantasy, Shounen, Super Power",1,"Set over 20 years prior to the main One Piece story, this limited release OVA chronicles the confrontation between Gold Lion Shiki and Gold Roger as well as other events around the world around the time of the Pirate King's execution."
36480,Drifters (OVA),"Action, Adventure, Comedy, Fantasy, Historical, Samurai, Seinen",2,"Despite the Ends’ attack on Verlina being successfully repelled, the war has not yet ended. With the monster armies regrouping, the Black King tightens his grasp on the already conquered territory. New conflicts erupt all across Orte, as its remaining forces struggle to retain control over long-oppressed demi-human races. While Ends grow more potent each day, Toyohisa Shimazu remains unconscious after heavy injuries suffered during the Battle of Verlina. Facing enemies on every side, humanity’s fate is still on a knife's edge."
30885,Noragami Aragoto OVA,"Action, Adventure, Comedy, Shounen, Supernatural",2,"Hiyori Iki goes on a skiing trip with her parents and happens to bump into Yato and Yukine. After a short while, they find the other gods who are there for a company vacation. But amidst all the fun, someone is plotting a heinous crime, and Yato is the primary target. On a different day, Yato’s been able to make a small fortune from his last job and decides to take Hiyori and Yukine to Capyper Land. Although she agrees without knowing the destination, will Hiyori actually enjoy the day considering what happened on her last visit?"
30709,Kamisama Hajimemashita: Kako-hen,"Comedy, Demons, Supernatural, Romance, Fantasy, Shoujo",4,"hile playing in the snow one day at her shrine, the land god Nanami Momozono witnesses her familiar—the fox youkai Tomoe—collapse, with dark markings appearing on his body. Tomoe's former master, Lord Mikage, appears after his long absence and places Tomoe into a magical pocket mirror in order to stave off his ailment. Mikage explains that long ago, before he and Tomoe had met, the fox youkai was in love with a human woman. Seeking to live as a human with his beloved, he made a deal with a fallen god, but he only ended up cursed and dying. When Mikage discovered Tomoe, the god made the youkai forget his human love as a quick solution. However, something has changed recently to reactivate the curse; Tomoe has fallen in love with his new human master, Nanami. Since there is no way to stop the curse, Nanami wants to stop Tomoe from getting cursed in the first place by traveling back through time, even if it means they may never meet. As Nanami travels back hundreds of years to save her precious familiar, she discovers that she is far more closely bonded to Tomoe than she previously thought."
34626,Kono Subarashii Sekai ni Shukufuku wo! 2: Kono Subarashii Geijutsu ni Shukufuku wo!,"Magic, Adventure, Fantasy, Comedy, Supernatural",1,"Kazuma meets a novice adventurer called Ran who claims to be Kazuma's fan. A quest is proposed to Kazuma and his party in front of Ran, so he accepts the quest to look good in front of his fan; after some convincing, they all go to fight the metal golem. (Source: Wikipedia)"
20767,Noragami OVA,"Action, Adventure, Comedy, Supernatural, Shounen",2,"Hiyori Iki is excited to start high school alongside her two middle school friends, but ""Delivery God"" Yato seems to have other plans for the day. Will Hiyori be able to make a good impression on her first day? Or will Yato cost her a happy high school life? On another day, Hiyori decides to take advantage of the beautiful weather and invites a number of people to gaze at the cherry blossoms, including the fearsome combat god, Bishamon. But how long will their blissful day last when Yato and his old rival Bishamon start to drink together?"
33032,Drifters: Special Edition,"Action, Adventure, Comedy, Fantasy, Historical, Samurai, Seinen",1,Bundled with the fifth manga volume.
1002,Top wo Nerae 2! Diebuster,"Action, Sci-Fi, Space, Comedy, Drama, Mecha",6,"Generations have passed since the war with the Space Monsters started, and none remain who know how it began, with even records of those times being scarce. It is a lost cause, but humanity still fights against them, relying on the ""Topless"": a group of elite space pilots with special powers that allow them to use the Buster Machines—the last hope against the Space Monsters. Nono, a girl from a remote Martian town, has heard tales all her life of the legendary pilot ""Nono-Riri,"" and wants nothing more than to leave her humble life behind and follow in the footsteps of her idol. Though she has no idea of the dangers that lie ahead, nothing will stop her from achieving her dream. While Nono is down on her luck, she chances upon the lonesome Topless pilot Lal'C Melk Mark, and decides to stake her entire future on following Lal'C, no matter the cost."
1944,Photon,"Action, Adventure, Comedy, Drama, Ecchi, Mecha, Romance, Sci-Fi",6,"Photon Earth is a young and gentle boy with superhuman strength and ""Baka"" (meaning ""idiot"" in Japanese) scribbled on his forehead (apparently by his troublemaking friend Aun Freya). One day, he finds himself engaged to the beautiful fugitive pilot Keyne Acqua after writing ""baka"" on her forehead. And that's the least of his worries as he must protect both Aun and Keyne from the evil Papacharino, who seeks to steal the secrets of ""Aho"" (another word for idiot) energy from Keyne's grandfather's ship. (Source: ANN)"
12029,Uchuu Senkan Yamato 2199,"Action, Military, Sci-Fi, Space, Drama",26,"In the year 2199, Earth faces its greatest crisis. Due to unrelenting bombings by the alien race known as ""Gamilas,"" the planet can no longer sustain its inhabitants. In exactly one year, humanity is set to become extinct. In desperation, the people of Earth establish the Earth Defense Force, their last defense against the power-hungry Gamilas Empire. However, humanity finds a glimmer of hope after receiving a message from the mysterious planet Iscandar, which offers them a device that would restore Earth to its former glory. With salvation in sight, the Earth Defense Force calls on the prolific Space Battleship Yamato and swiftly assembles a crew to make the 168,000 light-year trek to Iscandar and receive their aid. Among the crew are young officers Susumu Kodai and Daisuke Shima, along with several other newly promoted leaders, all under the command of the distinguished Captain Juuzou Okita. Forced to learn how to handle the ship's innovative technology while dealing with the onslaught of Gamilas fleets, the inexperienced cast of Uchuu Senkan Yamato 2199 must summon every inch of their resolve to survive the many hardships aboard the Yamato and complete their mission: to save humanity before it's too late."
