anime_id,name,genres,episodes,sypnopsis
19123,One Piece: Episode of Merry - Mou Hitori no Nakama no Monogatari,"Action, Adventure, Comedy, Drama, Fantasy, Shounen, Super Power",1,"The story arcs aboard the Straw Hat Crew's first ship Going Merry (Merry Go in some adaptations) are recreated with brand-new animation, from Luffy and Usopp's fight and Robin's disappearance to the crew's final farewell to the ship. Going Merry is treated as another member of the Straw Hats as Luffy, Zoro, Nami, and the rest of the crew set sail for the legendary treasure, the One Piece. (Source: ANN)"
15323,One Piece: Episode of Nami - Koukaishi no Namida to Nakama no Kizuna,"Action, Adventure, Comedy, Drama, Fantasy, Shounen, Super Power",1,"lling of the Arlong Park arc, with new animation."
36215,One Piece: Episode of East Blue - Luffy to 4-nin no Nakama no Daibouken,"Action, Adventure, Comedy, Super Power, Drama, Fantasy, Shounen",1,"The words that Gold Roger, the King of the Pirates, uttered just before his death excited the masses and the world has entered a Great Pirate Era! There is a group of young pirates who are about to set sail on the Grand Line. Monkey D. Luffy, a rubber man. Roronoa Zoro aka “Pirate Hunter.” Usopp, a sniper. Sanji, a seafaring cook. And “Cat Burglar” Nami. They, the Straw Hats, all place a foot upon a barrel and make their vows before their next journey across the great ocean. Luffy shouts “In order to be the King of the Pirates!” A decade ago in the Windmill Village... A little boy Luffy was enthralled with a pirate boss Red-Haired Shanks. But a group of mountain bandits shows up and makes fun of the pirates. “Why didn't you fight them?!” Luffy yells out angrily but Shanks says that it's nothing worth getting mad over. At that time, Luffy snatches the Gum-Gum Fruit from a treasure box and eats it and as a result, his entire body becomes rubber and he loses the ability to swim for the rest of his life! A few days later, Luffy is surrounded by the mountain bandits again and Shanks comes to help. “No matter what the reason, anyone who hurts my friends has to pay!!” Shanks and his pirate crew are incredibly strong and they beat down the mountain bandits. Higuma, the head of the mountain bandits, runs away kidnapping Luffy and heads for the sea. However, they encounter a local Sea Monster there and are attacked. Luffy is in a desperate situation... But again, Shanks saves the day. He outstares the Sea Monster and chases it away but in exchange, he loses his left arm... When Shanks leaves the village, he leaves his straw hat with Luffy. “Come bring it back to me someday! Once you've become a great pirate!” 10 years later, Luffy has grown up strong and he sets out for an adventure on a small boat. He again encounters the local Sea Monster for that fateful day. However, Luffy takes it down with a single blow of Gum-Gum Pistol. Luffy’s journey to become the King of the Pirates now begins! (Source: Crunchyroll)"
31289,One Piece: Episode of Sabo - 3 Kyoudai no Kizuna Kiseki no Saikai to Uketsugareru Ishi,"Action, Adventure, Comedy, Super Power, Drama, Fantasy, Shounen",1,"The special will revisit the childhood past of the three sworn brothers Luffy, Ace, and Sabo, when they all dreamed of becoming pirates. In addition, it will depict how Sabo originally came into the kingdom of Dressrosa (which was not depicted in Eiichiro Oda's original manga or the television anime), as well as his reunion with Luffy from his point of view."
2832,Ani*Kuri15,"Slice of Life, Adventure, Fantasy, Magic, Game, Martial Arts, Comedy, Mecha, Super Power, Supernatural, School, Drama, Sci-Fi",15,"15 one-minute shorts created by various people from Japan's animation industry. The title of the collection, Ani*Kuri15, is abbreviated from the words ""anime"" and ""creators"". Season One Shinji Kimura (Studio 4°C; Art Director, Steamboy) - title: Attack of Higashimachi Ni Chome/Attack of Higashimachi 2nd Burough Shōjirō Nishimi (Studio 4°C; Character Designer, Tekkonkinkreet) - Uchujin Raikou Hiroshi no Baai/Invasion from Space - Hiroshi's Case Akemi Hayashi (Gainax; Character Designer, Fruits Basket) - Namida no Mukou/From the Other Side of the Tears Osamu Kobayashi (Madhouse; Art/Mecha Desgin, Gungrave) - Sancha Blues/The Aromatic Tea Blues Yasufumi Soejima (Gonzo; 3D/CG Director, Last Exile) - Hyotoko/Blaze Man Season Two Atsushi Takeuchi (Production I.G; Mecha Design, Ghost in the Shell) Mamoru Oshii (Production I.G; Director, Ghost in the Shell) - Project Mermaid Kazuto Nakazawa (Studio 4°C; First Unit Director, Kill Bill Chapter 3: The Origin of O-Ren from Kill Bill: Volume 1) - ""yurururu"" ~Nichijou Hen~ Ranji Murata (Gonzo; Character Design, Blue Submarine No. 6) and Tatsuya Yabuta (Gonzo; Story Design, Final Fantasy VII) - Gyrosopter Tobira Oda (Original Manga, Danchi Tomō) and Yasuyuki Shimizu (Key Animation, Naruto (movies)) (Studio 4°C) Season Three Michael Arias (Studio 4°C; Director, Tekkonkinkreet) - Okkakekko Makoto Shinkai (Comix Wave Film; Director, The Place Promised in Our Early Days) - Neko no Shuukai/A Gathering of Cats Shōji Kawamori (Satelight; Director, The Super Dimension Fortress Macross: Do You Remember Love?) - Project Omega Mahiro Maeda (Gonzo; Director, Gankutsuou: The Count of Monte Cristo) - Onmitsu Hime Satoshi Kon (Madhouse; Director, Paprika) - Ohayō/Good Morning"
6489,Zero no Tsukaima: Princesses no Rondo Picture Drama,"Action, Adventure, Comedy, Drama, Ecchi, Fantasy, Harem, Magic, Romance, School",7,Picture Drama episodes included in each DVD volumes of Zero no Tsukaima: Princesses no Rondo. Episode Titles: vol.1 「Maid's Afternoon: Whip of Love」(メイドの午後 愛のムチ編) vol.2 「Maid's Afternoon: Afternoon for Two」(メイドの午後 二人きりの昼下がり編) vol.3 「Maid's Afternoon: The Last Night」 (メイドの午後 最後の夜編) vol.4 「Countess Butterfly's Graceful Day」 Prologue (バタフライ伯爵夫人の優雅な一日 序章) vol.5 「Countess Butterfly's Graceful Day」 Chapter 1 (バタフライ伯爵夫人の優雅な一日 第1章) vol.6 「Countess Butterfly's Graceful Day」 Chapter 2 (バタフライ伯爵夫人の優雅な一日 第2章) vol.7 「Countess Butterfly's Graceful Day」 The Last Chapter (バタフライ伯爵夫人の優雅な一日 最終章)
33338,One Piece: Heart of Gold,"Action, Adventure, Comedy, Drama, Fantasy, Shounen",1,"girl named Olga is pursued by both the World Government and a man named Mad Treasure, as she is the only one who knows the location of the Pure Gold, a substance that can buy the entire world. Olga ends up sailing with the Straw Hat Pirates, and they journey to find the Pure Gold on the lost island of Alchemi, which is located inside the stomach of a large angler fish named Bonbori. (Source: IMDb)"
2951,Gintama: Nanigoto mo Saiyo ga Kanjin nano de Tasho Senobisuru Kurai ga Choudoyoi,"Action, Sci-Fi, Comedy, Historical, Parody, Samurai, Mecha, Shounen",1,"This special is a set of short comedy stories involving Gintoki and his equally-broke sidekicks Shinpachi and Kagura. One day, Gintoki and his comrades are out viewing the spring flowers when suddenly the Shinsengumi appear, arguing that Gintoki has taken their flower-viewing spot. Gintoki's team and the Shinsengumi must then battle for the right to sit in that spot by using a violent version of rock paper scissors. (Source: ANN)"
9735,Gintama: Shinyaku Benizakura-hen,"Action, Comedy, Historical, Parody, Samurai, Sci-Fi, Shounen",1,"ccording to Tsutaya Online, the DVD of Gintama: Shinyaku Benizakura-hen will be released on December 15th. A new special will be bundled with the limited edition. It's the running gag of Ben Johnson episode where animation staff reuse the New Years footage; Yorozuya would sit around the kotatsu eating a bowl of tangerines. They discuss elaborate subjects, Shinpachi complains about reusing animation footage, and then Gin-chan always ending the gag with a pointless announcement."
21329,Mushishi: Hihamukage,"Adventure, Slice of Life, Mystery, Historical, Supernatural, Fantasy, Seinen",1,"The entire countryside comes to a halt midday to witness a rare solar eclipse that is rumored to allow the average person to see Mushi. Unable to avert their gaze, the air is full of awe and wonder—but those who know the Mushi are preparing for the eclipse's aftermath. Based on a prediction from Tanyuu Karibusa, the cursed recorder, Mushishi Ginko finds himself in a very unlucky farming village. Immediately following the solar eclipse, a strange black cloud begins to gather in the sky and blocks the sun once more. Suspecting it to be the work of a Mushi known as Hihami, Ginko seeks to liberate the village from perpetual darkness. However, it seems that not all of the villagers are eager to return to the light."
20159,Pokemon: The Origin,"Action, Adventure, Comedy, Fantasy, Kids",4,"Pokémon are marvelous creatures that come in a variety of types and sizes, with abilities, powers, and personalities as diverse as they are numerous. Doctor Yukinari Ookido has dedicated his life to studying these fascinating beings, that can be caught, trained, traded, and battled against each other. There's only so much he can do from his lab though. With this in mind, Ookido entrusts two young boys with a Pokémon of their own and a computerized encyclopedia to catalog them. One of them, Green, is brash, passionate, slightly arrogant, and Doctor Ookido's own nephew. The other boy, Red, is equally passionate, and filled with a wide-eyed, mildly naive sense of wonder. Pokémon: The Origin follows Red in his journey through the region of Kanto in his attempt to complete his ""Pokédex"" by capturing and cataloging all the Pokémon that exist. Along the way he'll discover there's more to himself and his goals than he originally thought. Red will have to put both himself and his Pokémon to the test in special Gyms whose leaders are steps along the way to the Pokémon League, in order to challenge the Elite Four and become a Pokémon League Champion. Aside from his goals to become a Champion, Red has other problems brewing. There are others who capture and train Pokémon for more sinister reasons, with the infamous criminal organization Team Rocket being one of them. If Red can defeat them, fellow trainers, his rival Green, and wild Pokémon all through Kanto, he just may fulfill his own dream, and Doctor Ookido's as well."
4886,InuYasha: Kuroi Tessaiga,"Adventure, Comedy, Demons, Supernatural, Magic, Romance, Fantasy, Shounen",1,"30-minute Inuyasha feature titled Kuroi Tessaiga screened on Takahashi Rumiko's picture exhibitions across Japan. In January 2010, this special ended up, slightly edited, as episode 15 of Inuyasha Kanketsu-hen."
44087,Gintama: The Semi-Final,"Action, Comedy, Historical, Parody, Samurai, Shounen",2,New special that will tie into the third new Gintama anime film. (Source: ANN)
16001,Kokoro Connect: Michi Random,"Comedy, Drama, Romance, School, Slice of Life, Supernatural",4,"Not long after putting the previous supernatural incident behind them, the members of Yamaboshi Academy's Student Cultural Society (StuCS) must deal with Fuusenkazura's newest trial—emotion transmission. This phenomenon allows the club members to hear each others' true thoughts, but with one catch: the timing, sender, and recipient are all completely random. To make matters worse, the club's supervisor, Ryuuzen Gotou, may have to step down due to his responsibilities for the upcoming school year. With emotions running high and Valentine's Day around the corner, the seemingly close bonds of the StuCS will be tested when their true feelings for each other are laid bare."
25313,Gintama': Futon ni Haitte kara Buki Nokoshi ni Kizuite Neru ni Nerenai Toki mo Aru,"Action, Sci-Fi, Comedy, Historical, Parody, Samurai, Shounen",1,"Bundled with limited edition of the 58th Gintama manga volume. The tagline for the bundled anime reads, ""It's time for all the Yorozuya members ...to wake up just one more time."" (Source: MAL News, edited)"
12231,Dragon Ball: Episode of Bardock,"Action, Sci-Fi, Adventure, Comedy, Super Power, Martial Arts, Fantasy, Shounen",1,"Shown at Jump Festa 2012, held in December, 2011. Bardock, Goku's father, who was supposed to have died when Freeza's attack hit him along with the Planet Vegeta, was sent way back in time where the planet was inhabited by strange creatures. There, he meets Freeza's ancestor, a space pirate named Chilled, and fights him to protect the planet. (Source: AniDB)"
6945,Gintama: Shiroyasha Koutan,"Action, Sci-Fi, Comedy, Historical, Parody",1,"ccording to Aniplex, a 10min short anime of Gintama ""Shiroyasha Koutan"" will be released on September 30th. It was shown at Jump Super Anime Tour 2008 and had never been released as a DVD. It's a trailer of an imaginary Gintama movie. Gintama OVA shown at Jump Anime Tour '05 is also included in the DVD."
16239,One Piece: Episode of Luffy - Hand Island no Bouken,"Action, Adventure, Comedy, Super Power, Fantasy, Shounen",1,"The story of the Hand Island no Bouken special is set a little before the events of One Piece Film Z and depicts a major ""Hand Island"" incident during the New World storyline. The story is set at ""Cannon Town"" where a parent and a child work as craftspeople. The incident revolves around them and a commodore of a marine base. The special will also have a flashback scene to the story in the first chapter of the manga, but with new animation. (Source: ANN)"
24687,Mushishi Zoku Shou: Odoro no Michi,"Adventure, Fantasy, Historical, Mystery, Seinen, Slice of Life, Supernatural",1,"sterious, unknowable creatures alien to the laws of nature—known only to some and feared by others—""Mushi"" lie behind many of life's strange phenomena. Long ago, a Mushi of terrifying power threatened to extinguish all life. The Minai clan of Mushishi were born from those who stopped this malevolent force, their members bound by duty to serve as retainers to the Karibusa family, within whom the Mushi remains sealed. The Mushishi Ginko is given a job request from Tanyuu Karibusa: oversee the work of the head of the Minai clan, Kumado Minai, in investigating an abandoned village where dead wood and even houses spring back to life as flourishing plants. Though the Minai clan are oddly ruthless among Mushishi, even more peculiar is their widespread dull character, with little appreciation for beauty or sentiment. Tanyuu believes there is more to this trend than meets the eye. Ginko aims to answer her curiosity as he follows Kumado into a ""Path of Thorns,"" a place where Mushi flow from their own strange sources into the world of the living. Rare and deadly varieties of Mushi lurk in these depths, along with the secret nature of the Minai clan's resolve to their ancient task."
37902,One Piece: Episode of Sorajima,"Action, Adventure, Comedy, Super Power, Drama, Fantasy, Shounen",1,"The special will be the first in the ""Episode of"" series to cover the Skypeia arc, and will feature a character who did not appear in the original Skypeia arc from the anime. (Source: ANN)"
